{"cameraMode":{"drawMode":0,"name":"Shaded","section":"Shading Mode"},"sceneLighting":false,"audioPlay":false,"sceneViewState":{"showFog":true,"showMaterialUpdate":false,"showSkybox":false,"showFlares":true,"showImageEffects":true,"showParticleSystems":true},"in2DMode":false,"pivot":{"x":-0.044239580631256106,"y":1.3291116952896119,"z":2.3928236961364748},"rotation":{"x":0.03961821645498276,"y":0.9538970589637756,"z":-0.1444307416677475,"w":0.260636568069458},"size":0.18092747032642365,"orthographic":false}