{"cameraMode":{"drawMode":0,"name":"Shaded","section":"Shading Mode"},"sceneLighting":false,"audioPlay":false,"sceneViewState":{"showFog":true,"showMaterialUpdate":false,"showSkybox":false,"showFlares":true,"showImageEffects":true,"showParticleSystems":true},"in2DMode":false,"pivot":{"x":6.677556037902832,"y":-19.03695297241211,"z":35.2343864440918},"rotation":{"x":-0.16931405663490296,"y":-0.43042635917663576,"z":0.08221184462308884,"w":-0.8830000162124634},"size":13.022601127624512,"orthographic":false}