{"cameraMode":{"drawMode":0,"name":"Shaded","section":"Shading Mode"},"sceneLighting":true,"audioPlay":false,"sceneViewState":{"showFog":true,"showMaterialUpdate":false,"showSkybox":false,"showFlares":true,"showImageEffects":true,"showParticleSystems":true},"in2DMode":false,"pivot":{"x":0.4309999942779541,"y":2.7290000915527345,"z":-0.33000004291534426},"rotation":{"x":0.15265125036239625,"y":-0.27095821499824526,"z":0.04328688606619835,"w":0.94963538646698},"size":1.1419073343276978,"orthographic":false}