{"cameraMode":{"drawMode":0,"name":"Shaded","section":"Shading Mode"},"sceneLighting":false,"audioPlay":false,"sceneViewState":{"showFog":true,"showMaterialUpdate":false,"showSkybox":false,"showFlares":true,"showImageEffects":true,"showParticleSystems":true},"in2DMode":false,"pivot":{"x":-5.250999927520752,"y":1.7400000095367432,"z":16.670000076293947},"rotation":{"x":-0.027871720492839814,"y":0.41299790143966677,"z":-0.011935314163565636,"w":-0.9104970097541809},"size":2.0784614086151125,"orthographic":false}