{"cameraMode":{"drawMode":0,"name":"Shaded","section":"Shading Mode"},"sceneLighting":false,"audioPlay":false,"sceneViewState":{"showFog":true,"showMaterialUpdate":false,"showSkybox":false,"showFlares":true,"showImageEffects":true,"showParticleSystems":true},"in2DMode":false,"pivot":{"x":15.829728126525879,"y":-4.776752471923828,"z":17.676406860351564},"rotation":{"x":-0.11167179048061371,"y":-0.5425846576690674,"z":0.07302059978246689,"w":-0.8294745683670044},"size":0.5168188810348511,"orthographic":false}