{"cameraMode":{"drawMode":0,"name":"Shaded","section":"Shading Mode"},"sceneLighting":false,"audioPlay":false,"sceneViewState":{"showFog":true,"showMaterialUpdate":false,"showSkybox":false,"showFlares":true,"showImageEffects":true,"showParticleSystems":true},"in2DMode":false,"pivot":{"x":-0.044239580631256106,"y":0.12311168760061264,"z":-0.15117612481117249},"rotation":{"x":-0.01939290016889572,"y":0.9776970148086548,"z":-0.1812666356563568,"w":-0.10509829968214035},"size":0.18092742562294007,"orthographic":false}